{
  "main": {
    "id": "cd02488f04da6fc8",
    "type": "split",
    "children": [
      {
        "id": "45c17abe79d2e0fe",
        "type": "tabs",
        "children": [
          {
            "id": "4aba6c19c029f0c8",
            "type": "leaf",
            "state": {
              "type": "markdown",
              "state": {
                "file": "machine_learning/Supervised Learning.md",
                "mode": "source",
                "source": false
              },
              "icon": "lucide-file",
              "title": "Supervised Learning"
            }
          },
          {
            "id": "11badd192be01f17",
            "type": "leaf",
            "state": {
              "type": "markdown",
              "state": {
                "file": "machine_learning/Activation Function.md",
                "mode": "source",
                "source": false
              },
              "icon": "lucide-file",
              "title": "Activation Function"
            }
          }
        ]
      }
    ],
    "direction": "vertical"
  },
  "left": {
    "id": "1332a87dda0b3b36",
    "type": "split",
    "children": [
      {
        "id": "a6c13237f4f5fd93",
        "type": "tabs",
        "children": [
          {
            "id": "46a17d864fd571de",
            "type": "leaf",
            "state": {
              "type": "file-explorer",
              "state": {
                "sortOrder": "alphabetical",
                "autoReveal": false
              },
              "icon": "lucide-folder-closed",
              "title": "File explorer"
            }
          },
          {
            "id": "55d50b7bf5a21353",
            "type": "leaf",
            "state": {
              "type": "search",
              "state": {
                "query": "",
                "matchingCase": false,
                "explainSearch": false,
                "collapseAll": false,
                "extraContext": false,
                "sortOrder": "alphabetical"
              },
              "icon": "lucide-search",
              "title": "Search"
            }
          },
          {
            "id": "0825262566eac488",
            "type": "leaf",
            "state": {
              "type": "bookmarks",
              "state": {},
              "icon": "lucide-bookmark",
              "title": "Bookmarks"
            }
          }
        ]
      }
    ],
    "direction": "horizontal",
    "width": 300
  },
  "right": {
    "id": "c6c702d05f341d98",
    "type": "split",
    "children": [
      {
        "id": "0bc4f68373a1a07f",
        "type": "tabs",
        "children": [
          {
            "id": "5fe84bf9eae939e4",
            "type": "leaf",
            "state": {
              "type": "backlink",
              "state": {
                "file": "machine_learning/Supervised Learning.md",
                "collapseAll": false,
                "extraContext": false,
                "sortOrder": "alphabetical",
                "showSearch": false,
                "searchQuery": "",
                "backlinkCollapsed": false,
                "unlinkedCollapsed": true
              },
              "icon": "links-coming-in",
              "title": "Backlinks for Supervised Learning"
            }
          },
          {
            "id": "bd6189a9aae30c0d",
            "type": "leaf",
            "state": {
              "type": "outgoing-link",
              "state": {
                "file": "neural_networks/End-to-End Learning.md",
                "linksCollapsed": false,
                "unlinkedCollapsed": true
              },
              "icon": "links-going-out",
              "title": "Outgoing links from End-to-End Learning"
            }
          },
          {
            "id": "04969cd747a65af1",
            "type": "leaf",
            "state": {
              "type": "tag",
              "state": {
                "sortOrder": "frequency",
                "useHierarchy": true
              },
              "icon": "lucide-tags",
              "title": "Tags"
            }
          },
          {
            "id": "5e57132267b3bf33",
            "type": "leaf",
            "state": {
              "type": "outline",
              "state": {
                "file": "How to test AI?.md"
              },
              "icon": "lucide-list",
              "title": "Outline of How to test AI?"
            }
          }
        ]
      }
    ],
    "direction": "horizontal",
    "width": 300
  },
  "left-ribbon": {
    "hiddenItems": {
      "daily-notes:Open today's note": false,
      "switcher:Open quick switcher": false,
      "graph:Open graph view": false,
      "canvas:Create new canvas": false,
      "templates:Insert template": false,
      "command-palette:Open command palette": false
    }
  },
  "active": "4aba6c19c029f0c8",
  "lastOpenFiles": [
    "search/Uninformed Search.md",
    "search/Search Algorithms.md",
    "search/Informed Search.md",
    "search/Greedy Search.md",
    "search/Depth-First Search.md",
    "search/Breadth-First Search.md",
    "search/A* Search.md",
    "neural_networks/Recurrent Neural Networks.md",
    "neural_networks/Pooling.md",
    "neural_networks/Neural Networks.md",
    "neural_networks/Long Short-Term Memory.md",
    "neural_networks/Feedforward Network.md",
    "neural_networks/Convolutions.md",
    "neural_networks/Convoluted Neural Networks.md",
    "neural_networks/Artificial Neurons.md",
    "machine_learning/Unsupervised Learning.md",
    "machine_learning/Support Vector Machines.md",
    "machine_learning/Supervised Learning.md",
    "machine_learning/Quality Assessment.md",
    "machine_learning/Principle Component Analysis.md",
    "machine_learning/Overfitting.md",
    "machine_learning/Naive Bayes.md",
    "machine_learning/Machine Learning.md",
    "machine_learning/Logistic Regression.md",
    "machine_learning/k-Nearest Neighbour.md",
    "machine_learning/k-Means.md",
    "search/greedy_search_city_travel.png",
    "search/8_puzzle.png",
    "search",
    "neural_networks/word_predictor.png",
    "neural_networks/stacked_convolutions.png",
    "neural_networks/sequence_to_sequence_setup.png",
    "neural_networks/rosenblatt_perceptron_hyperplane.png",
    "neural_networks/pooling_schemes.png",
    "neural_networks/ojective_function_surface.png",
    "neural_networks/neural_network_notation.png",
    "neural_networks/neural_network.png",
    "neural_networks",
    "machine_learning",
    "introduction",
    "agents",
    "Summary/search",
    "Summary/neural_networks",
    "Summary/machine_learning",
    "Summary/introduction",
    "Summary/agents"
  ]
}